{
  "num_transactions": 1691,
  "num_searches": 100,
  "linear_search": {
    "total_time": 0.005959700036328286,
    "average_time": 5.959700036328286e-05,
    "average_time_ms": 0.05959700036328286,
    "complexity": "O(n)"
  },
  "dictionary_lookup": {
    "dict_creation_time": 0.0006058000144548714,
    "total_lookup_time": 2.2799998987466097e-05,
    "average_time": 2.2799998987466098e-07,
    "average_time_ms": 0.00022799998987466097,
    "complexity": "O(1)",
    "total_time_including_creation": 0.0006286000134423375
  },
  "comparison": {
    "speedup_factor": 261.3903640787233,
    "faster_method": "dictionary_lookup"
  }
}